SECTIONS,DAY,TIME,SUBJECT,FACULTY,TYPE
3A,MONDAY,8:30-9:30,DLD,PROF. PRASHANTH J,THEORY
3A,MONDAY,9:30-10:30,DISCRETE MATH,DR. BHARATH GOUDAR,THEORY
3A,MONDAY,11:00-12:00,DATA STRUCTURES,PROF. PATHANJALI,THEORY
3A,MONDAY,12:00-1:00,JAVA,PROF. SHIVARAJ ,THEORY
3A,MONDAY,2:00-3:00,UPSKILL,NA,ACTIVITY
3A,MONDAY,3:00-4:00,UPSKILL,NA,ACTIVITY
3A,TUESDAY,8:30-9:30,DISCRETE MATH,DR. BHARATH GOUDAR,THEORY
3A,TUESDAY,9:30-10:30,DLD,PROF. PRASHANTH J,THEORY
3A,TUESDAY,11:00-12:00,JAVA,PROF. SHIVARAJ ,THEORY
3A,TUESDAY,12:00-1:00,OS,PROF. HARSHA BR,THEORY
3A,TUESDAY,2:00-3:00,SOCIAL CONNECTIVITY,PROF. PRIYANKA HV,ACTIVITY
3A,TUESDAY,3:00-4:00,SOCIAL CONNECTIVITY,PROF. PRIYANKA HV,ACTIVITY
3A,WEDNESDAY,8:30-9:30,OS,PROF. HARSHA BR,THEORY
3A,WEDNESDAY,9:30-10:30,DATA STRUCTURES,PROF. PATHANJALI,THEORY
3A,WEDNESDAY,11:00-12:00,DISCRETE MATH,DR. BHARATH GOUDAR,THEORY
3A,WEDNESDAY,12:00-1:00,DLD,PROF. PRASHANTH J,THEORY
3A,WEDNESDAY,2:00-3:00,JAVA,PROF. SHIVARAJ ,THEORY
3A,WEDNESDAY,3:00-4:00,JAVA-LAB,PROF. SHIVARAJ ,LAB
3A,THURSDAY,8:30-9:30,OS-LAB,PROF. HARSHA BR,LAB
3A,THURSDAY,9:30-10:30,OS-LAB,PROF. HARSHA BR,LAB
3A,THURSDAY,11:00-12:00,PYTHON,PROF. SHARMILA,LAB
3A,THURSDAY,12:00-1:00,PYTHON,PROF. SHARMILA,LAB
3A,THURSDAY,2:00-3:00,DLD-LAB,PROF. PRASHANTH J,LAB
3A,THURSDAY,3:00-4:00,DLD-LAB,PROF. PRASHANTH J,LAB
3A,FRIDAY,8:30-9:30,DATA STRUCTURES,PROF. PATHANJALI,THEORY
3A,FRIDAY,9:30-10:30,OS,PROF. HARSHA BR,THEORY
3A,FRIDAY,11:00-12:00,DS-LAB,PROF. PATHANJALI,LAB
3A,FRIDAY,12:00-1:00,DS-LAB,PROF. PATHANJALI,LAB
3A,FRIDAY,2:00-3:00,PE,PROF. PRAVEEN MANCHALE,ACTIVITY
3A,FRIDAY,3:00-4:00,PE,PROF. PRAVEEN MANCHALE,ACTIVITY
3A,SATURADAY,8:30-9:30,YOGA,PROF. PRAVEEN MANCHALE,ACTIVITY
3A,SATURADAY,9:30-10:30,YOGA,PROF. PRAVEEN MANCHALE,ACTIVITY
3A,SATURADAY,11:00-12:00,NSS,PROF. PRAVEEN MANCHALE,ACTIVITY
3A,SATURADAY,12:00-1:00,NSS,PROF. PRAVEEN MANCHALE,ACTIVITY
3A,SATURADAY,2:00-3:00,LIBERAL ARTS,PROF. PRAVEEN MANCHALE,ACTIVITY
3A,SATURADAY,3:00-4:00,LIBERAL ARTS,PROF. PRAVEEN MANCHALE,ACTIVITY
3B,MONDAY,8:30-9:30,DLD,PROF. ANUSHA UA,THEORY
3B,MONDAY,9:30-10:30,DISCRETE MATH,DR. PRAVEENKUMAR BADIGER,THEORY
3B,MONDAY,11:00-12:00,OS,PROF. HEMANTH CHANDRA N,THEORY
3B,MONDAY,12:00-1:00,DLD,PROF. ANUSHA UA,THEORY
3B,MONDAY,2:00-3:00,SOCIAL CONNECTIVITY,PROF. PRIYANKA HV,ACTIVITY
3B,MONDAY,3:00-4:00,SOCIAL CONNECTIVITY,PROF. PRIYANKA HV,ACTIVITY
3B,TUESDAY,8:30-9:30,OS-LAB,PROF. HEMANTH CHANDRA N,LAB
3B,TUESDAY,9:30-10:30,OS-LAB,PROF. HEMANTH CHANDRA N,LAB
3B,TUESDAY,11:00-12:00,DLD-LAB,PROF. ANUSHA UA,LAB
3B,TUESDAY,12:00-1:00,DLD-LAB,PROF. ANUSHA UA,LAB
3B,TUESDAY,2:00-3:00,PYTHON,PROF. VIJAY KUMAR S,LAB
3B,TUESDAY,3:00-4:00,PYTHON,PROF. VIJAY KUMAR S,LAB
3B,WEDNESDAY,8:30-9:30,OS,PROF. HEMANTH CHANDRA N,THEORY
3B,WEDNESDAY,9:30-10:30,DISCRETE MATH,DR. PRAVEENKUMAR BADIGER,THEORY
3B,WEDNESDAY,11:00-12:00,DATA STRUCTURES,PROF. MANJULA BS,THEORY
3B,WEDNESDAY,12:00-1:00,DISCRETE MATH,DR. PRAVEENKUMAR BADIGER,THEORY
3B,WEDNESDAY,2:00-3:00,UPSKILL,NA,ACTIVITY
3B,WEDNESDAY,3:00-4:00,UPSKILL,NA,ACTIVITY
3B,THURSDAY,8:30-9:30,DLD,PROF. ANUSHA UA,THEORY
3B,THURSDAY,9:30-10:30,JAVA,PROF. SHREYAS L,THEORY
3B,THURSDAY,11:00-12:00,OS,PROF. HEMANTH CHANDRA N,THEORY
3B,THURSDAY,12:00-1:00,DATA STRUCTURES,PROF. MANJULA BS,THEORY
3B,THURSDAY,2:00-3:00,JAVA,PROF. SHREYAS L,THEORY
3B,THURSDAY,3:00-4:00,JAVA-LAB,PROF. SHREYAS L,LAB
3B,FRIDAY,8:30-9:30,DS-LAB,PROF. MANJULA BS,LAB
3B,FRIDAY,9:30-10:30,DS-LAB,PROF. MANJULA BS,LAB
3B,FRIDAY,11:00-12:00,JAVA,PROF. SHREYAS L,THEORY
3B,FRIDAY,12:00-1:00,DATA STRUCTURES,PROF. MANJULA BS,THEORY
3B,FRIDAY,2:00-3:00,PE,PROF. PRAVEEN MANCHALE,ACTIVITY
3B,FRIDAY,3:00-4:00,PE,PROF. PRAVEEN MANCHALE,ACTIVITY
3B,SATURADAY,8:30-9:30,YOGA,PROF. PRAVEEN MANCHALE,ACTIVITY
3B,SATURADAY,9:30-10:30,YOGA,PROF. PRAVEEN MANCHALE,ACTIVITY
3B,SATURADAY,11:00-12:00,NSS,PROF. PRAVEEN MANCHALE,ACTIVITY
3B,SATURADAY,12:00-1:00,NSS,PROF. PRAVEEN MANCHALE,ACTIVITY
3B,SATURADAY,2:00-3:00,LIBERAL ARTS,PROF. PRAVEEN MANCHALE,ACTIVITY
3B,SATURADAY,3:00-4:00,LIBERAL ARTS,PROF. PRAVEEN MANCHALE,ACTIVITY
3C,MONDAY,8:30-9:30,DATA STRUCTURES,DR. VIMUKTHA E SALIS,THEORY
3C,MONDAY,9:30-10:30,JAVA,PROF. SHARMILA,THEORY
3C,MONDAY,11:00-12:00,DLD,PROF. VIJAY KUMAR S,THEORY
3C,MONDAY,12:00-1:00,DISCRETE MATH,PROF. SHILPA TM,THEORY
3C,MONDAY,2:00-3:00,PE,PROF. PRAVEEN MANCHALE,ACTIVITY
3C,MONDAY,3:00-4:00,PE,PROF. PRAVEEN MANCHALE,ACTIVITY
3C,TUESDAY,8:30-9:30,JAVA,PROF. SHARMILA,THEORY
3C,TUESDAY,9:30-10:30,OS,PROF. SEEMA S RESHMI,THEORY
3C,TUESDAY,11:00-12:00,DLD,PROF. VIJAY KUMAR S,THEORY
3C,TUESDAY,12:00-1:00,DATA STRUCTURES,DR. VIMUKTHA E SALIS,THEORY
3C,TUESDAY,2:00-3:00,DISCRETE MATH,PROF. SHILPA TM,THEORY
3C,TUESDAY,3:00-4:00,JAVA-LAB,PROF. SHARMILA,LAB
3C,WEDNESDAY,8:30-9:30,OS,PROF. SEEMA S RESHMI,THEORY
3C,WEDNESDAY,9:30-10:30,DLD,PROF. VIJAY KUMAR S,THEORY
3C,WEDNESDAY,11:00-12:00,DS-LAB,DR. VIMUKTHA E SALIS,LAB
3C,WEDNESDAY,12:00-1:00,DS-LAB,DR. VIMUKTHA E SALIS,LAB
3C,WEDNESDAY,2:00-3:00,SOCIAL CONNECTIVITY,PROF. PRIYANKA HV,ACTIVITY
3C,WEDNESDAY,3:00-4:00,SOCIAL CONNECTIVITY,PROF. PRIYANKA HV,ACTIVITY
3C,THURSDAY,8:30-9:30,JAVA,PROF. SHARMILA,THEORY
3C,THURSDAY,9:30-10:30,DISCRETE MATH,PROF. SHILPA TM,THEORY
3C,THURSDAY,11:00-12:00,OS,PROF. SEEMA S RESHMI,THEORY
3C,THURSDAY,12:00-1:00,DATA STRUCTURES,DR. VIMUKTHA E SALIS,THEORY
3C,THURSDAY,2:00-3:00,UPSKILL,NA,ACTIVITY
3C,THURSDAY,3:00-4:00,UPSKILL,NA,ACTIVITY
3C,FRIDAY,8:30-9:30,DLD-LAB,PROF. VIJAY KUMAR S,LAB
3C,FRIDAY,9:30-10:30,DLD-LAB,PROF. VIJAY KUMAR S,LAB
3C,FRIDAY,11:00-12:00,OS-LAB,PROF. SEEMA S RESHMI,LAB
3C,FRIDAY,12:00-1:00,OS-LAB,PROF. SEEMA S RESHMI,LAB
3C,FRIDAY,2:00-3:00,PYTHON,DR. KAVITHA PATIL,LAB
3C,FRIDAY,3:00-4:00,PYTHON,DR. KAVITHA PATIL,LAB
3C,SATURADAY,8:30-9:30,YOGA,PROF. PRAVEEN MANCHALE,ACTIVITY
3C,SATURADAY,9:30-10:30,YOGA,PROF. PRAVEEN MANCHALE,ACTIVITY
3C,SATURADAY,11:00-12:00,NSS,PROF. PRAVEEN MANCHALE,ACTIVITY
3C,SATURADAY,12:00-1:00,NSS,PROF. PRAVEEN MANCHALE,ACTIVITY
3C,SATURADAY,2:00-3:00,LIBERAL ARTS,PROF. PRAVEEN MANCHALE,ACTIVITY
3C,SATURADAY,3:00-4:00,LIBERAL ARTS,PROF. PRAVEEN MANCHALE,ACTIVITY
5A,MONDAY,8:30-9:30,SOFTWARE ENG,DR. KIRAN YC,THEORY
5A,MONDAY,9:30-10:30,TOC,PROF. POORNIMA RM,THEORY
5A,MONDAY,11:00-12:00,RESEARCH,DR. NIRMALA H,THEORY
5A,MONDAY,12:00-1:00,EVS,DR. MANU DS,THEORY
5A,MONDAY,2:00-3:00,CLOUD COMPUTING,PROF. SHREYAS L,THEORY
5A,MONDAY,3:00-4:00,TOC,PROF. POORNIMA RM,THEORY
5A,TUESDAY,8:30-9:30,PLACEMENT,NA,THEORY
5A,TUESDAY,9:30-10:30,PLACEMENT,NA,THEORY
5A,TUESDAY,11:00-12:00,PLACEMENT,NA,THEORY
5A,TUESDAY,12:00-1:00,PLACEMENT,NA,THEORY
5A,TUESDAY,2:00-3:00,PLACEMENT,NA,THEORY
5A,TUESDAY,3:00-4:00,PLACEMENT,NA,THEORY
5A,WEDNESDAY,8:30-9:30,SOFTWARE ENG,DR. KIRAN YC,THEORY
5A,WEDNESDAY,9:30-10:30,CN,DR. DEEPAK G,THEORY
5A,WEDNESDAY,11:00-12:00,TOC,PROF. POORNIMA RM,THEORY
5A,WEDNESDAY,12:00-1:00,CLOUD COMPUTING,PROF. SHREYAS L,THEORY
5A,WEDNESDAY,2:00-3:00,CN/DV-LAB,DR. DEEPAK G,LAB
5A,WEDNESDAY,3:00-4:00,CN/DV-LAB,PROF. PRAVEEN MANCHALE,LAB
5A,THURSDAY,8:30-9:30,SOFTWARE ENG,DR. KIRAN YC,THEORY
5A,THURSDAY,9:30-10:30,RESEARCH,DR. NIRMALA H,THEORY
5A,THURSDAY,11:00-12:00,CN,DR. DEEPAK G,THEORY
5A,THURSDAY,12:00-1:00,TOC,PROF. POORNIMA RM,THEORY
5A,THURSDAY,2:00-3:00,CN/DV-LAB,DR. DEEPAK G,LAB
5A,THURSDAY,3:00-4:00,CN/DV-LAB,PROF. PRAVEEN MANCHALE,LAB
5A,FRIDAY,8:30-9:30,CLOUD COMPUTING,PROF. SHREYAS L,THEORY
5A,FRIDAY,9:30-10:30,CN,DR. DEEPAK G,THEORY
5A,FRIDAY,11:00-12:00,RESEARCH,DR. NIRMALA H,THEORY
5A,FRIDAY,12:00-1:00,EVS,DR. MANU DS,THEORY
5A,FRIDAY,2:00-3:00,UPSKILL,NA,ACTIVITY
5A,FRIDAY,3:00-4:00,UPSKILL,NA,ACTIVITY
5A,SATURADAY,8:30-9:30,MINI PROJECT,PROF. POORNIMA RM,ACTIVITY
5A,SATURADAY,9:30-10:30,MINI PROJECT,PROF. POORNIMA RM,ACTIVITY
5A,SATURADAY,11:00-12:00,MINI PROJECT,PROF. POORNIMA RM,ACTIVITY
5A,SATURADAY,12:00-1:00,MINI PROJECT,PROF. POORNIMA RM,ACTIVITY
5A,SATURADAY,2:00-3:00,MINI PROJECT,PROF. POORNIMA RM,ACTIVITY
5A,SATURADAY,3:00-4:00,MINI PROJECT,PROF. POORNIMA RM,ACTIVITY
5B,MONDAY,8:30-9:30,SOFTWARE ENG,PROF. HARSHA BR,THEORY
5B,MONDAY,9:30-10:30,CN,DR. BHAGYASHRI R HANJI,THEORY
5B,MONDAY,11:00-12:00,RESEARCH,PROF. PRARTHANA V,THEORY
5B,MONDAY,12:00-1:00,SOFTWARE ENG,PROF. HARSHA BR,THEORY
5B,MONDAY,2:00-3:00,CN/DV-LAB,DR. BHAGYASHRI R HANJI,LAB
5B,MONDAY,3:00-4:00,CN/DV-LAB,PROF. SANDIP KV,LAB
5B,TUESDAY,8:30-9:30,CN/DV-LAB,DR. BHAGYASHRI R HANJI,LAB
5B,TUESDAY,9:30-10:30,CN/DV-LAB,PROF. SANDIP KV,LAB
5B,TUESDAY,11:00-12:00,EVS,DR. MANU DS,THEORY
5B,TUESDAY,12:00-1:00,TOC ,PROF. POORNIMA RM,THEORY
5B,TUESDAY,2:00-3:00,CN,DR. BHAGYASHRI R HANJI,THEORY
5B,TUESDAY,3:00-4:00,CLOUD COMPUTING,PROF. JEEVARAJ R,THEORY
5B,WEDNESDAY,8:30-9:30,PLACEMENT,NA,THEORY
5B,WEDNESDAY,9:30-10:30,PLACEMENT,NA,THEORY
5B,WEDNESDAY,11:00-12:00,PLACEMENT,NA,THEORY
5B,WEDNESDAY,12:00-1:00,PLACEMENT,NA,THEORY
5B,WEDNESDAY,2:00-3:00,PLACEMENT,NA,THEORY
5B,WEDNESDAY,3:00-4:00,PLACEMENT,NA,THEORY
5B,THURSDAY,8:30-9:30,CLOUD COMPUTING,PROF. JEEVARAJ R,THEORY
5B,THURSDAY,9:30-10:30,TOC,PROF. POORNIMA RM,THEORY
5B,THURSDAY,11:00-12:00,SOFTWARE ENG,PROF. HARSHA BR,THEORY
5B,THURSDAY,12:00-1:00,RESEARCH,PROF. PRARTHANA V,THEORY
5B,THURSDAY,2:00-3:00,UPSKILL,NA,ACTIVITY
5B,THURSDAY,3:00-4:00,UPSKILL,NA,ACTIVITY
5B,FRIDAY,8:30-9:30,CLOUD COMPUTING,PROF. JEEVARAJ R,THEORY
5B,FRIDAY,9:30-10:30,EVS,DR. MANU DS,THEORY
5B,FRIDAY,11:00-12:00,TOC ,PROF. POORNIMA RM,THEORY
5B,FRIDAY,12:00-1:00,CN,DR. BHAGYASHRI R HANJI,THEORY
5B,FRIDAY,2:00-3:00,RESEARCH,PROF. PRARTHANA V,THEORY
5B,FRIDAY,3:00-4:00,TOC,PROF. POORNIMA RM,THEORY
5B,SATURADAY,8:30-9:30,MINI PROJECT,DR. BHAGYASHRI R HANJI,ACTIVITY
5B,SATURADAY,9:30-10:30,MINI PROJECT,DR. BHAGYASHRI R HANJI,ACTIVITY
5B,SATURADAY,11:00-12:00,MINI PROJECT,DR. BHAGYASHRI R HANJI,ACTIVITY
5B,SATURADAY,12:00-1:00,MINI PROJECT,DR. BHAGYASHRI R HANJI,ACTIVITY
5B,SATURADAY,2:00-3:00,MINI PROJECT,DR. BHAGYASHRI R HANJI,ACTIVITY
5B,SATURADAY,3:00-4:00,MINI PROJECT,DR. BHAGYASHRI R HANJI,ACTIVITY
5C,MONDAY,8:30-9:30,TOC,DR. KAVITHA PATIL,THEORY
5C,MONDAY,9:30-10:30,CN,PROF. SHIVARAJ ,THEORY
5C,MONDAY,11:00-12:00,CLOUD COMPUTING,PROF. MANJULA BS,THEORY
5C,MONDAY,12:00-1:00,EVS,DR. PREETHI RK,THEORY
5C,MONDAY,2:00-3:00,SOFTWARE ENG,PROF. SEEMA S RESHMI,THEORY
5C,MONDAY,3:00-4:00,RESEARCH,PROF. AKSHATHA BS,THEORY
5C,TUESDAY,8:30-9:30,RESEARCH,PROF. AKSHATHA BS,THEORY
5C,TUESDAY,9:30-10:30,CLOUD COMPUTING,PROF. MANJULA BS,THEORY
5C,TUESDAY,11:00-12:00,UPSKILL,NA,ACTIVITY
5C,TUESDAY,12:00-1:00,UPSKILL,NA,ACTIVITY
5C,TUESDAY,2:00-3:00,CN/DV-LAB,PROF. SHIVARAJ ,LAB
5C,TUESDAY,3:00-4:00,CN/DV-LAB,PROF. PRAVEEN MANCHALE,LAB
5C,WEDNESDAY,8:30-9:30,CN,PROF. SHIVARAJ ,THEORY
5C,WEDNESDAY,9:30-10:30,TOC,DR. KAVITHA PATIL,THEORY
5C,WEDNESDAY,11:00-12:00,SOFTWARE ENG,PROF. SEEMA S RESHMI,THEORY
5C,WEDNESDAY,12:00-1:00,RESEARCH,PROF. AKSHATHA BS,THEORY
5C,WEDNESDAY,2:00-3:00,CLOUD COMPUTING,PROF. MANJULA BS,THEORY
5C,WEDNESDAY,3:00-4:00,TOC,DR. KAVITHA PATIL,THEORY
5C,THURSDAY,8:30-9:30,PLACEMENT,NA,THEORY
5C,THURSDAY,9:30-10:30,PLACEMENT,NA,THEORY
5C,THURSDAY,11:00-12:00,PLACEMENT,NA,THEORY
5C,THURSDAY,12:00-1:00,PLACEMENT,NA,THEORY
5C,THURSDAY,2:00-3:00,PLACEMENT,NA,THEORY
5C,THURSDAY,3:00-4:00,PLACEMENT,NA,THEORY
5C,FRIDAY,8:30-9:30,SOFTWARE ENG,PROF. SEEMA S RESHMI,THEORY
5C,FRIDAY,9:30-10:30,TOC,DR. KAVITHA PATIL,THEORY
5C,FRIDAY,11:00-12:00,CN,PROF. SHIVARAJ ,THEORY
5C,FRIDAY,12:00-1:00,EVS,DR. PREETHI RK,THEORY
5C,FRIDAY,2:00-3:00,CN/DV-LAB,PROF. SHIVARAJ ,LAB
5C,FRIDAY,3:00-4:00,CN/DV-LAB,PROF. PRAVEEN MANCHALE,LAB
5C,SATURADAY,8:30-9:30,MINI PROJECT,PROF. ANUSHA UA,ACTIVITY
5C,SATURADAY,9:30-10:30,MINI PROJECT,PROF. ANUSHA UA,ACTIVITY
5C,SATURADAY,11:00-12:00,MINI PROJECT,PROF. ANUSHA UA,ACTIVITY
5C,SATURADAY,12:00-1:00,MINI PROJECT,PROF. ANUSHA UA,ACTIVITY
5C,SATURADAY,2:00-3:00,MINI PROJECT,PROF. ANUSHA UA,ACTIVITY
5C,SATURADAY,3:00-4:00,MINI PROJECT,PROF. ANUSHA UA,ACTIVITY
7A,MONDAY,8:30-9:30,BIG DATA/IOT,PROF. JEEVARAJ R,LAB
7A,MONDAY,9:30-10:30,BIG DATA/IOT,PROF. SANDIP KV,LAB
7A,MONDAY, 11:00-12:00,BIG DATA,PROF. JEEVARAJ R,THEORY
7A,MONDAY,12:00-1:00,NETWORK SECURITY,DR. BHAGYASHRI R HANJI,THEORY
7A,MONDAY,2:00-3:00,MAJOR PROJECT,DR. VIMUKTHA E SALIS,ACTIVITY
7A,MONDAY,3:00-4:00,MAJOR PROJECT,PROF. SHARMILA,ACTIVITY
7A,TUESDAY,8:30-9:30,OPEN ELECTIVE,NA,ACTIVITY
7A,TUESDAY,9:30-10:30,OPEN ELECTIVE,NA,ACTIVITY
7A,TUESDAY,11:00-12:00,BIG DATA/IOT,PROF. JEEVARAJ R,LAB
7A,TUESDAY,12:00-1:00,BIG DATA/IOT,PROF. SANDIP KV,LAB
7A,TUESDAY,2:00-3:00,MAJOR PROJECT,DR. VIMUKTHA E SALIS,ACTIVITY
7A,TUESDAY,3:00-4:00,MAJOR PROJECT,PROF. SHARMILA,ACTIVITY
7A,WEDNESDAY,8:30-9:30,BIG DATA,PROF. JEEVARAJ R,THEORY
7A,WEDNESDAY,9:30-10:30,NETWORK SECURITY,DR. BHAGYASHRI R HANJI,THEORY
7A,WEDNESDAY,11:00-12:00,DEEP LEARNING/IR,DR. SHIVASHANKAR,THEORY
7A,WEDNESDAY,12:00-1:00,IOT,PROF. SANDIP KV,THEORY
7A,WEDNESDAY,2:00-3:00,UPSKILL,NA,ACTIVITY
7A,WEDNESDAY,3:00-4:00,UPSKILL,NA,ACTIVITY
7A,THURSDAY,8:30-9:30,NETWORK SECURITY,DR. BHAGYASHRI R HANJI,THEORY
7A,THURSDAY,9:30-10:30,IOT,PROF. SANDIP KV,THEORY
7A,THURSDAY,11:00-12:00,BIG DATA,PROF. JEEVARAJ R,THEORY
7A,THURSDAY,12:00-1:00,NETWORK SECURITY,DR. BHAGYASHRI R HANJI,THEORY
7A,THURSDAY,2:00-3:00,DEEP LEARNING/IR,DR. SHIVASHANKAR,THEORY
7A,THURSDAY,3:00-4:00,MAJOR PROJECT,DR. VIMUKTHA E SALIS,ACTIVITY
7A,FRIDAY,8:30-9:30,OPEN ELECTIVE,NA,ACTIVITY
7A,FRIDAY,9:30-10:30,OPEN ELECTIVE,NA,ACTIVITY
7A,FRIDAY,11:00-12:00,DEEP LEARNING/IR,DR. SHIVASHANKAR,THEORY
7A,FRIDAY,12:00-1:00,IOT,PROF. SANDIP KV,THEORY
7A,FRIDAY,2:00-3:00,MAJOR PROJECT,DR. VIMUKTHA E SALIS,ACTIVITY
7A,FRIDAY,3:00-4:00,MAJOR PROJECT,PROF. SHARMILA,ACTIVITY
7A,SATURADAY,8:30-9:30,MAJOR PROJECT,DR. VIMUKTHA E SALIS,ACTIVITY
7A,SATURADAY,9:30-10:30,MAJOR PROJECT,PROF. SHARMILA,ACTIVITY
7A,SATURADAY,11:00-12:00,MAJOR PROJECT,DR. VIMUKTHA E SALIS,ACTIVITY
7A,SATURADAY,12:00-1:00,MAJOR PROJECT,PROF. SHARMILA,ACTIVITY
7A,SATURADAY,2:00-3:00,MAJOR PROJECT,DR. VIMUKTHA E SALIS,ACTIVITY
7A,SATURADAY,3:00-4:00,MAJOR PROJECT,PROF. SHARMILA,ACTIVITY
7B,MONDAY,8:30-9:30,IOT,DR. MAHESH KUMAR N,THEORY
7B,MONDAY,9:30-10:30,NETWORK SECURITY,DR. DEEPAK G,THEORY
7B,MONDAY,11:00-12:00,IOT,DR. MAHESH KUMAR N,THEORY
7B,MONDAY,12:00-1:00,BIG DATA,NA,THEORY
7B,MONDAY,2:00-3:00,UPSKILL,NA,ACTIVITY
7B,MONDAY,3:00-4:00,UPSKILL,NA,ACTIVITY
7B,TUESDAY,8:30-9:30,OPEN ELECTIVE,NA,ACTIVITY
7B,TUESDAY,9:30-10:30,OPEN ELECTIVE,NA,ACTIVITY
7B,TUESDAY,11:00-12:00,BIG DATA,PROF. PRIYANKA HV,THEORY
7B,TUESDAY,12:00-1:00,NETWORK SECURITY,DR. DEEPAK G,THEORY
7B,TUESDAY,2:00-3:00,MAJOR PROJECT,DR. VIMUKTHA E SALIS,ACTIVITY
7B,TUESDAY,3:00-4:00,MAJOR PROJECT,PROF. SHARMILA,ACTIVITY
7B,WEDNESDAY,8:30-9:30,BIG DATA/IOT,PROF. PRIYANKA HV,LAB
7B,WEDNESDAY,9:30-10:30,BIG DATA/IOT,DR. MAHESH KUMAR N,LAB
7B,WEDNESDAY,11:00-12:00,DEEP LEARNING/IR,PROF. AKSHATHA BS,THEORY
7B,WEDNESDAY,12:00-1:00,NETWORK SECURITY,DR. DEEPAK G,THEORY
7B,WEDNESDAY,2:00-3:00,MAJOR PROJECT,DR. VIMUKTHA E SALIS,ACTIVITY
7B,WEDNESDAY,3:00-4:00,MAJOR PROJECT,PROF. SHARMILA,ACTIVITY
7B,THURSDAY,8:30-9:30,NETWORK SECURITY,DR. DEEPAK G,THEORY
7B,THURSDAY,9:30-10:30,IOT,DR. MAHESH KUMAR N,THEORY
7B,THURSDAY,11:00-12:00,BIG DATA/IOT,PROF. PRIYANKA HV,LAB
7B,THURSDAY,12:00-1:00,BIG DATA/IOT,DR. MAHESH KUMAR N,LAB
7B,THURSDAY,2:00-3:00,DEEP LEARNING/IR,PROF. AKSHATHA BS,THEORY
7B,THURSDAY,3:00-4:00,MAJOR PROJECT,DR. VIMUKTHA E SALIS,ACTIVITY
7B,FRIDAY,8:30-9:30,OPEN ELECTIVE,NA,ACTIVITY
7B,FRIDAY,9:30-10:30,OPEN ELECTIVE,NA,ACTIVITY
7B,FRIDAY,11:00-12:00,DEEP LEARNING/IR,PROF. AKSHATHA BS,THEORY
7B,FRIDAY,12:00-1:00,BIG DATA,PROF. PRIYANKA HV,THEORY
7B,FRIDAY,2:00-3:00,MAJOR PROJECT,DR. VIMUKTHA E SALIS,ACTIVITY
7B,FRIDAY,3:00-4:00,MAJOR PROJECT,PROF. SHARMILA,ACTIVITY
7B,SATURADAY,8:30-9:30,MAJOR PROJECT,DR. VIMUKTHA E SALIS,ACTIVITY
7B,SATURADAY,9:30-10:30,MAJOR PROJECT,PROF. SHARMILA,ACTIVITY
7B,SATURADAY,11:00-12:00,MAJOR PROJECT,DR. VIMUKTHA E SALIS,ACTIVITY
7B,SATURADAY,12:00-1:00,MAJOR PROJECT,PROF. SHARMILA,ACTIVITY
7B,SATURADAY,2:00-3:00,MAJOR PROJECT,DR. VIMUKTHA E SALIS,ACTIVITY
7B,SATURADAY,3:00-4:00,MAJOR PROJECT,PROF. SHARMILA,ACTIVITY
7C,MONDAY,8:30-9:30,BIG DATA,PROF. PRIYANKA HV,THEORY
7C,MONDAY,9:30-10:30,NETWORK SECURITY,DR. NIRMALA H,THEORY
7C,MONDAY,11:00-12:00,BIG DATA/IOT,PROF. PRIYANKA HV,LAB
7C,MONDAY,12:00-1:00,BIG DATA/IOT,PROF. SANDIP KV,LAB
7C,MONDAY,2:00-3:00,MAJOR PROJECT,DR. VIMUKTHA E SALIS,ACTIVITY
7C,MONDAY,3:00-4:00,MAJOR PROJECT,PROF. SHARMILA,ACTIVITY
7C,TUESDAY,8:30-9:30,OPEN ELECTIVE,NA,ACTIVITY
7C,TUESDAY,9:30-10:30,OPEN ELECTIVE,NA,ACTIVITY
7C,TUESDAY,11:00-12:00,NETWORK SECURITY,DR. NIRMALA H,THEORY
7C,TUESDAY,12:00-1:00,IOT,PROF. SANDIP KV,THEORY
7C,TUESDAY,2:00-3:00,UPSKILL,NA,ACTIVITY
7C,TUESDAY,3:00-4:00,UPSKILL,NA,ACTIVITY
7C,WEDNESDAY,8:30-9:30,IOT,PROF. SANDIP KV,THEORY
7C,WEDNESDAY,9:30-10:30,NETWORK SECURITY,DR. NIRMALA H,THEORY
7C,WEDNESDAY,11:00-12:00,DEEP LEARNING/IR,PROF. HEMANTH CHANDRA N,THEORY
7C,WEDNESDAY,12:00-1:00,IOT,PROF. SANDIP KV,THEORY
7C,WEDNESDAY,2:00-3:00,MAJOR PROJECT,DR. VIMUKTHA E SALIS,ACTIVITY
7C,WEDNESDAY,3:00-4:00,MAJOR PROJECT,PROF. SHARMILA,ACTIVITY
7C,THURSDAY,8:30-9:30,BIG DATA/IOT,PROF. PRIYANKA HV,LAB
7C,THURSDAY,9:30-10:30,BIG DATA/IOT,PROF. SANDIP KV,LAB
7C,THURSDAY,11:00-12:00,IOT,PROF. SANDIP KV,THEORY
7C,THURSDAY,12:00-1:00,BIG DATA,PROF. PRIYANKA HV,THEORY
7C,THURSDAY,2:00-3:00,DEEP LEARNING/IR,PROF. HEMANTH CHANDRA N,THEORY
7C,THURSDAY,3:00-4:00,MAJOR PROJECT,DR. VIMUKTHA E SALIS,ACTIVITY
7C,FRIDAY,8:30-9:30,OPEN ELECTIVE,NA,ACTIVITY
7C,FRIDAY,9:30-10:30,OPEN ELECTIVE,NA,ACTIVITY
7C,FRIDAY,11:00-12:00,DEEP LEARNING/IR,PROF. HEMANTH CHANDRA N,THEORY
7C,FRIDAY,12:00-1:00,NETWORK SECURITY,DR. NIRMALA H,THEORY
7C,FRIDAY,2:00-3:00,MAJOR PROJECT,DR. VIMUKTHA E SALIS,ACTIVITY
7C,FRIDAY,3:00-4:00,MAJOR PROJECT,PROF. SHARMILA,ACTIVITY
7C,SATURADAY,8:30-9:30,MAJOR PROJECT,DR. VIMUKTHA E SALIS,ACTIVITY
7C,SATURADAY,9:30-10:30,MAJOR PROJECT,PROF. SHARMILA,ACTIVITY
7C,SATURADAY,11:00-12:00,MAJOR PROJECT,DR. VIMUKTHA E SALIS,ACTIVITY
7C,SATURADAY,12:00-1:00,MAJOR PROJECT,PROF. SHARMILA,ACTIVITY
7C,SATURADAY,2:00-3:00,MAJOR PROJECT,DR. VIMUKTHA E SALIS,ACTIVITY
7C,SATURADAY,3:00-4:00,MAJOR PROJECT,PROF. SHARMILA,ACTIVITY
